,MONTH,GPR_KOREA_HISTORICAL,type,event_description
0,1900-01,0.01,timeseries,
1,1900-02,0.0,timeseries,
2,1900-03,0.06,timeseries,
3,1900-04,0.03,timeseries,
4,1900-05,0.0,timeseries,
5,1900-06,0.04,timeseries,
6,1900-07,0.07,timeseries,
7,1900-08,0.07,timeseries,
8,1900-09,0.01,timeseries,
9,1900-10,0.01,timeseries,
10,1900-11,0.0,timeseries,
11,1900-12,0.03,timeseries,
12,1901-01,0.0,timeseries,
13,1901-02,0.02,timeseries,
14,1901-03,0.14,timeseries,
15,1901-04,0.04,timeseries,
16,1901-05,0.03,timeseries,
17,1901-06,0.01,timeseries,
18,1901-07,0.01,timeseries,
19,1901-08,0.0,timeseries,
20,1901-09,0.0,timeseries,
21,1901-10,0.02,timeseries,
22,1901-11,0.0,timeseries,
23,1901-12,0.01,timeseries,
24,1902-01,0.03,timeseries,
25,1902-02,0.04,timeseries,
26,1902-03,0.0,timeseries,
27,1902-04,0.01,timeseries,
28,1902-05,0.0,timeseries,
29,1902-06,0.0,timeseries,
30,1902-07,0.0,timeseries,
31,1902-08,0.0,timeseries,
32,1902-09,0.0,timeseries,
33,1902-10,0.01,timeseries,
34,1902-11,0.0,timeseries,
35,1902-12,0.01,timeseries,
36,1903-01,0.01,timeseries,
37,1903-02,0.01,timeseries,
38,1903-03,0.0,timeseries,
39,1903-04,0.01,timeseries,
40,1903-05,0.01,timeseries,
41,1903-06,0.04,timeseries,
42,1903-07,0.08,timeseries,
43,1903-08,0.01,timeseries,
44,1903-09,0.0,timeseries,
45,1903-10,0.32,timeseries,
46,1903-11,0.11,timeseries,
47,1903-12,0.28,timeseries,
48,1904-01,0.56,timeseries,
49,1904-02,1.12,timeseries,
50,1904-03,0.69,timeseries,
51,1904-04,0.44,timeseries,
52,1904-05,0.35,timeseries,
53,1904-06,0.17,timeseries,
54,1904-07,0.15,timeseries,
55,1904-08,0.17,timeseries,
56,1904-09,0.05,timeseries,
57,1904-10,0.06,timeseries,
58,1904-11,0.02,timeseries,
59,1904-12,0.03,timeseries,
60,1905-01,0.05,timeseries,
61,1905-02,0.07,timeseries,
62,1905-03,0.06,timeseries,
63,1905-04,0.04,timeseries,
64,1905-05,0.19,timeseries,
65,1905-06,0.16,timeseries,
66,1905-07,0.09,timeseries,
67,1905-08,0.11,timeseries,
68,1905-09,0.08,timeseries,
69,1905-10,0.06,timeseries,
70,1905-11,0.03,timeseries,
71,1905-12,0.04,timeseries,
72,1906-01,0.0,timeseries,
73,1906-02,0.03,timeseries,
74,1906-03,0.0,timeseries,
75,1906-04,0.0,timeseries,
76,1906-05,0.03,timeseries,
77,1906-06,0.07,timeseries,
78,1906-07,0.02,timeseries,
79,1906-08,0.02,timeseries,
80,1906-09,0.0,timeseries,
81,1906-10,0.01,timeseries,
82,1906-11,0.0,timeseries,
83,1906-12,0.03,timeseries,
84,1907-01,0.0,timeseries,
85,1907-02,0.0,timeseries,
86,1907-03,0.0,timeseries,
87,1907-04,0.0,timeseries,
88,1907-05,0.03,timeseries,
89,1907-06,0.03,timeseries,
90,1907-07,0.07,timeseries,
91,1907-08,0.01,timeseries,
92,1907-09,0.0,timeseries,
93,1907-10,0.03,timeseries,
94,1907-11,0.0,timeseries,
95,1907-12,0.01,timeseries,
96,1908-01,0.03,timeseries,
97,1908-02,0.0,timeseries,
98,1908-03,0.03,timeseries,
99,1908-04,0.0,timeseries,
100,1908-05,0.0,timeseries,
101,1908-06,0.01,timeseries,
102,1908-07,0.03,timeseries,
103,1908-08,0.0,timeseries,
104,1908-09,0.0,timeseries,
105,1908-10,0.0,timeseries,
106,1908-11,0.01,timeseries,
107,1908-12,0.0,timeseries,
108,1909-01,0.0,timeseries,
109,1909-02,0.0,timeseries,
110,1909-03,0.0,timeseries,
111,1909-04,0.0,timeseries,
112,1909-05,0.0,timeseries,
113,1909-06,0.0,timeseries,
114,1909-07,0.0,timeseries,
115,1909-08,0.0,timeseries,
116,1909-09,0.03,timeseries,
117,1909-10,0.01,timeseries,
118,1909-11,0.01,timeseries,
119,1909-12,0.03,timeseries,
120,1910-01,0.01,timeseries,
121,1910-02,0.01,timeseries,
122,1910-03,0.0,timeseries,
123,1910-04,0.0,timeseries,
124,1910-05,0.0,timeseries,
125,1910-06,0.0,timeseries,
126,1910-07,0.0,timeseries,
127,1910-08,0.0,timeseries,
128,1910-09,0.0,timeseries,
129,1910-10,0.0,timeseries,
130,1910-11,0.0,timeseries,
131,1910-12,0.0,timeseries,
132,1911-01,0.0,timeseries,
133,1911-02,0.0,timeseries,
134,1911-03,0.01,timeseries,
135,1911-04,0.0,timeseries,
136,1911-05,0.0,timeseries,
137,1911-06,0.03,timeseries,
138,1911-07,0.01,timeseries,
139,1911-08,0.03,timeseries,
140,1911-09,0.04,timeseries,
141,1911-10,0.0,timeseries,
142,1911-11,0.0,timeseries,
143,1911-12,0.0,timeseries,
144,1912-01,0.0,timeseries,
145,1912-02,0.0,timeseries,
146,1912-03,0.0,timeseries,
147,1912-04,0.0,timeseries,
148,1912-05,0.0,timeseries,
149,1912-06,0.0,timeseries,
150,1912-07,0.01,timeseries,
151,1912-08,0.0,timeseries,
152,1912-09,0.01,timeseries,
153,1912-10,0.03,timeseries,
154,1912-11,0.0,timeseries,
155,1912-12,0.01,timeseries,
156,1913-01,0.0,timeseries,
157,1913-02,0.0,timeseries,
158,1913-03,0.0,timeseries,
159,1913-04,0.0,timeseries,
160,1913-05,0.03,timeseries,
161,1913-06,0.0,timeseries,
162,1913-07,0.0,timeseries,
163,1913-08,0.0,timeseries,
164,1913-09,0.01,timeseries,
165,1913-10,0.0,timeseries,
166,1913-11,0.0,timeseries,
167,1913-12,0.0,timeseries,
168,1914-01,0.01,timeseries,
169,1914-02,0.0,timeseries,
170,1914-03,0.0,timeseries,
171,1914-04,0.0,timeseries,
172,1914-05,0.0,timeseries,
173,1914-06,0.0,timeseries,
174,1914-07,0.0,timeseries,
175,1914-08,0.11,timeseries,
176,1914-09,0.07,timeseries,
177,1914-10,0.01,timeseries,
178,1914-11,0.01,timeseries,
179,1914-12,0.04,timeseries,
180,1915-01,0.0,timeseries,
181,1915-02,0.0,timeseries,
182,1915-03,0.05,timeseries,
183,1915-04,0.0,timeseries,
184,1915-05,0.03,timeseries,
185,1915-06,0.01,timeseries,
186,1915-07,0.03,timeseries,
187,1915-08,0.01,timeseries,
188,1915-09,0.0,timeseries,
189,1915-10,0.0,timeseries,
190,1915-11,0.04,timeseries,
191,1915-12,0.0,timeseries,
192,1916-01,0.01,timeseries,
193,1916-02,0.01,timeseries,
194,1916-03,0.0,timeseries,
195,1916-04,0.04,timeseries,
196,1916-05,0.01,timeseries,
197,1916-06,0.0,timeseries,
198,1916-07,0.0,timeseries,
199,1916-08,0.01,timeseries,
200,1916-09,0.02,timeseries,
201,1916-10,0.01,timeseries,
202,1916-11,0.01,timeseries,
203,1916-12,0.0,timeseries,
204,1917-01,0.0,timeseries,
205,1917-02,0.01,timeseries,
206,1917-03,0.01,timeseries,
207,1917-04,0.01,timeseries,
208,1917-05,0.0,timeseries,
209,1917-06,0.0,timeseries,
210,1917-07,0.03,timeseries,
211,1917-08,0.01,timeseries,
212,1917-09,0.0,timeseries,
213,1917-10,0.01,timeseries,
214,1917-11,0.01,timeseries,
215,1917-12,0.0,timeseries,
216,1918-01,0.0,timeseries,
217,1918-02,0.0,timeseries,
218,1918-03,0.01,timeseries,
219,1918-04,0.03,timeseries,
220,1918-05,0.0,timeseries,
221,1918-06,0.0,timeseries,
222,1918-07,0.01,timeseries,
223,1918-08,0.0,timeseries,
224,1918-09,0.0,timeseries,
225,1918-10,0.02,timeseries,
226,1918-11,0.0,timeseries,
227,1918-12,0.02,timeseries,
228,1919-01,0.01,timeseries,
229,1919-02,0.0,timeseries,
230,1919-03,0.01,timeseries,
231,1919-04,0.05,timeseries,
232,1919-05,0.06,timeseries,
233,1919-06,0.03,timeseries,
234,1919-07,0.05,timeseries,
235,1919-08,0.07,timeseries,
236,1919-09,0.0,timeseries,
237,1919-10,0.01,timeseries,
238,1919-11,0.05,timeseries,
239,1919-12,0.0,timeseries,
240,1920-01,0.03,timeseries,
241,1920-02,0.01,timeseries,
242,1920-03,0.04,timeseries,
243,1920-04,0.0,timeseries,
244,1920-05,0.0,timeseries,
245,1920-06,0.0,timeseries,
246,1920-07,0.02,timeseries,
247,1920-08,0.0,timeseries,
248,1920-09,0.02,timeseries,
249,1920-10,0.0,timeseries,
250,1920-11,0.03,timeseries,
251,1920-12,0.0,timeseries,
252,1921-01,0.01,timeseries,
253,1921-02,0.0,timeseries,
254,1921-03,0.01,timeseries,
255,1921-04,0.0,timeseries,
256,1921-05,0.01,timeseries,
257,1921-06,0.07,timeseries,
258,1921-07,0.01,timeseries,
259,1921-08,0.0,timeseries,
260,1921-09,0.03,timeseries,
261,1921-10,0.01,timeseries,
262,1921-11,0.02,timeseries,
263,1921-12,0.04,timeseries,
264,1922-01,0.0,timeseries,
265,1922-02,0.0,timeseries,
266,1922-03,0.02,timeseries,
267,1922-04,0.0,timeseries,
268,1922-05,0.02,timeseries,
269,1922-06,0.0,timeseries,
270,1922-07,0.01,timeseries,
271,1922-08,0.0,timeseries,
272,1922-09,0.01,timeseries,
273,1922-10,0.0,timeseries,
274,1922-11,0.0,timeseries,
275,1922-12,0.0,timeseries,
276,1923-01,0.0,timeseries,
277,1923-02,0.0,timeseries,
278,1923-03,0.0,timeseries,
279,1923-04,0.01,timeseries,
280,1923-05,0.0,timeseries,
281,1923-06,0.0,timeseries,
282,1923-07,0.0,timeseries,
283,1923-08,0.0,timeseries,
284,1923-09,0.03,timeseries,
285,1923-10,0.0,timeseries,
286,1923-11,0.01,timeseries,
287,1923-12,0.01,timeseries,
288,1924-01,0.0,timeseries,
289,1924-02,0.0,timeseries,
290,1924-03,0.01,timeseries,
291,1924-04,0.01,timeseries,
292,1924-05,0.0,timeseries,
293,1924-06,0.0,timeseries,
294,1924-07,0.0,timeseries,
295,1924-08,0.01,timeseries,
296,1924-09,0.0,timeseries,
297,1924-10,0.0,timeseries,
298,1924-11,0.0,timeseries,
299,1924-12,0.02,timeseries,
300,1925-01,0.0,timeseries,
301,1925-02,0.0,timeseries,
302,1925-03,0.0,timeseries,
303,1925-04,0.01,timeseries,
304,1925-05,0.0,timeseries,
305,1925-06,0.04,timeseries,
306,1925-07,0.02,timeseries,
307,1925-08,0.0,timeseries,
308,1925-09,0.0,timeseries,
309,1925-10,0.0,timeseries,
310,1925-11,0.0,timeseries,
311,1925-12,0.0,timeseries,
312,1926-01,0.01,timeseries,
313,1926-02,0.01,timeseries,
314,1926-03,0.0,timeseries,
315,1926-04,0.02,timeseries,
316,1926-05,0.0,timeseries,
317,1926-06,0.0,timeseries,
318,1926-07,0.0,timeseries,
319,1926-08,0.0,timeseries,
320,1926-09,0.01,timeseries,
321,1926-10,0.0,timeseries,
322,1926-11,0.0,timeseries,
323,1926-12,0.0,timeseries,
324,1927-01,0.0,timeseries,
325,1927-02,0.0,timeseries,
326,1927-03,0.0,timeseries,
327,1927-04,0.03,timeseries,
328,1927-05,0.0,timeseries,
329,1927-06,0.0,timeseries,
330,1927-07,0.01,timeseries,
331,1927-08,0.0,timeseries,
332,1927-09,0.0,timeseries,
333,1927-10,0.0,timeseries,
334,1927-11,0.0,timeseries,
335,1927-12,0.01,timeseries,
336,1928-01,0.0,timeseries,
337,1928-02,0.0,timeseries,
338,1928-03,0.02,timeseries,
339,1928-04,0.0,timeseries,
340,1928-05,0.05,timeseries,
341,1928-06,0.01,timeseries,
342,1928-07,0.01,timeseries,
343,1928-08,0.01,timeseries,
344,1928-09,0.01,timeseries,
345,1928-10,0.0,timeseries,
346,1928-11,0.02,timeseries,
347,1928-12,0.01,timeseries,
348,1929-01,0.01,timeseries,
349,1929-02,0.02,timeseries,
350,1929-03,0.02,timeseries,
351,1929-04,0.02,timeseries,
352,1929-05,0.0,timeseries,
353,1929-06,0.0,timeseries,
354,1929-07,0.02,timeseries,
355,1929-08,0.01,timeseries,
356,1929-09,0.0,timeseries,
357,1929-10,0.0,timeseries,
358,1929-11,0.01,timeseries,
359,1929-12,0.0,timeseries,
360,1930-01,0.0,timeseries,
361,1930-02,0.0,timeseries,
362,1930-03,0.01,timeseries,
363,1930-04,0.01,timeseries,
364,1930-05,0.02,timeseries,
365,1930-06,0.04,timeseries,
366,1930-07,0.01,timeseries,
367,1930-08,0.02,timeseries,
368,1930-09,0.01,timeseries,
369,1930-10,0.0,timeseries,
370,1930-11,0.0,timeseries,
371,1930-12,0.0,timeseries,
372,1931-01,0.0,timeseries,
373,1931-02,0.01,timeseries,
374,1931-03,0.01,timeseries,
375,1931-04,0.0,timeseries,
376,1931-05,0.0,timeseries,
377,1931-06,0.0,timeseries,
378,1931-07,0.01,timeseries,
379,1931-08,0.02,timeseries,
380,1931-09,0.09,timeseries,
381,1931-10,0.15,timeseries,
382,1931-11,0.14,timeseries,
383,1931-12,0.1,timeseries,
384,1932-01,0.06,timeseries,
385,1932-02,0.11,timeseries,
386,1932-03,0.08,timeseries,
387,1932-04,0.09,timeseries,
388,1932-05,0.05,timeseries,
389,1932-06,0.02,timeseries,
390,1932-07,0.03,timeseries,
391,1932-08,0.04,timeseries,
392,1932-09,0.01,timeseries,
393,1932-10,0.01,timeseries,
394,1932-11,0.02,timeseries,
395,1932-12,0.01,timeseries,
396,1933-01,0.0,timeseries,
397,1933-02,0.01,timeseries,
398,1933-03,0.01,timeseries,
399,1933-04,0.03,timeseries,
400,1933-05,0.02,timeseries,
401,1933-06,0.01,timeseries,
402,1933-07,0.01,timeseries,
403,1933-08,0.0,timeseries,
404,1933-09,0.01,timeseries,
405,1933-10,0.01,timeseries,
406,1933-11,0.01,timeseries,
407,1933-12,0.0,timeseries,
408,1934-01,0.01,timeseries,
409,1934-02,0.0,timeseries,
410,1934-03,0.02,timeseries,
411,1934-04,0.02,timeseries,
412,1934-05,0.02,timeseries,
413,1934-06,0.02,timeseries,
414,1934-07,0.01,timeseries,
415,1934-08,0.02,timeseries,
416,1934-09,0.0,timeseries,
417,1934-10,0.01,timeseries,
418,1934-11,0.0,timeseries,
419,1934-12,0.01,timeseries,
420,1935-01,0.0,timeseries,
421,1935-02,0.01,timeseries,
422,1935-03,0.0,timeseries,
423,1935-04,0.0,timeseries,
424,1935-05,0.02,timeseries,
425,1935-06,0.03,timeseries,
426,1935-07,0.0,timeseries,
427,1935-08,0.01,timeseries,
428,1935-09,0.01,timeseries,
429,1935-10,0.0,timeseries,
430,1935-11,0.0,timeseries,
431,1935-12,0.0,timeseries,
432,1936-01,0.0,timeseries,
433,1936-02,0.01,timeseries,
434,1936-03,0.02,timeseries,
435,1936-04,0.0,timeseries,
436,1936-05,0.01,timeseries,
437,1936-06,0.01,timeseries,
438,1936-07,0.0,timeseries,
439,1936-08,0.01,timeseries,
440,1936-09,0.0,timeseries,
441,1936-10,0.03,timeseries,
442,1936-11,0.0,timeseries,
443,1936-12,0.02,timeseries,
444,1937-01,0.02,timeseries,
445,1937-02,0.03,timeseries,
446,1937-03,0.01,timeseries,
447,1937-04,0.02,timeseries,
448,1937-05,0.0,timeseries,
449,1937-06,0.0,timeseries,
450,1937-07,0.19,timeseries,
451,1937-08,0.07,timeseries,
452,1937-09,0.05,timeseries,
453,1937-10,0.03,timeseries,
454,1937-11,0.04,timeseries,
455,1937-12,0.01,timeseries,
456,1938-01,0.07,timeseries,
457,1938-02,0.03,timeseries,
458,1938-03,0.03,timeseries,
459,1938-04,0.04,timeseries,
460,1938-05,0.01,timeseries,
461,1938-06,0.02,timeseries,
462,1938-07,0.11,timeseries,
463,1938-08,0.31,timeseries,
464,1938-09,0.03,timeseries,
465,1938-10,0.02,timeseries,
466,1938-11,0.03,timeseries,
467,1938-12,0.03,timeseries,
468,1939-01,0.03,timeseries,
469,1939-02,0.01,timeseries,
470,1939-03,0.01,timeseries,
471,1939-04,0.04,timeseries,
472,1939-05,0.01,timeseries,
473,1939-06,0.06,timeseries,
474,1939-07,0.02,timeseries,
475,1939-08,0.02,timeseries,
476,1939-09,0.0,timeseries,
477,1939-10,0.02,timeseries,
478,1939-11,0.0,timeseries,
479,1939-12,0.02,timeseries,
480,1940-01,0.0,timeseries,
481,1940-02,0.01,timeseries,
482,1940-03,0.01,timeseries,
483,1940-04,0.04,timeseries,
484,1940-05,0.02,timeseries,
485,1940-06,0.01,timeseries,
486,1940-07,0.02,timeseries,
487,1940-08,0.06,timeseries,
488,1940-09,0.02,timeseries,
489,1940-10,0.04,timeseries,
490,1940-11,0.02,timeseries,
491,1940-12,0.02,timeseries,
492,1941-01,0.0,timeseries,
493,1941-02,0.0,timeseries,
494,1941-03,0.0,timeseries,
495,1941-04,0.02,timeseries,
496,1941-05,0.01,timeseries,
497,1941-06,0.0,timeseries,
498,1941-07,0.04,timeseries,
499,1941-08,0.07,timeseries,
500,1941-09,0.03,timeseries,
501,1941-10,0.04,timeseries,
502,1941-11,0.01,timeseries,
503,1941-12,0.04,timeseries,
504,1942-01,0.04,timeseries,
505,1942-02,0.02,timeseries,
506,1942-03,0.03,timeseries,
507,1942-04,0.01,timeseries,
508,1942-05,0.02,timeseries,
509,1942-06,0.04,timeseries,
510,1942-07,0.05,timeseries,
511,1942-08,0.08,timeseries,
512,1942-09,0.02,timeseries,
513,1942-10,0.02,timeseries,
514,1942-11,0.0,timeseries,
515,1942-12,0.01,timeseries,
516,1943-01,0.01,timeseries,
517,1943-02,0.01,timeseries,
518,1943-03,0.04,timeseries,
519,1943-04,0.03,timeseries,
520,1943-05,0.02,timeseries,
521,1943-06,0.0,timeseries,
522,1943-07,0.0,timeseries,
523,1943-08,0.0,timeseries,
524,1943-09,0.02,timeseries,
525,1943-10,0.0,timeseries,
526,1943-11,0.01,timeseries,
527,1943-12,0.06,timeseries,
528,1944-01,0.01,timeseries,
529,1944-02,0.05,timeseries,
530,1944-03,0.0,timeseries,
531,1944-04,0.04,timeseries,
532,1944-05,0.0,timeseries,
533,1944-06,0.09,timeseries,
534,1944-07,0.1,timeseries,
535,1944-08,0.04,timeseries,
536,1944-09,0.03,timeseries,
537,1944-10,0.01,timeseries,
538,1944-11,0.02,timeseries,
539,1944-12,0.04,timeseries,
540,1945-01,0.13,timeseries,
541,1945-02,0.07,timeseries,
542,1945-03,0.11,timeseries,
543,1945-04,0.12,timeseries,
544,1945-05,0.49,timeseries,
545,1945-06,0.38,timeseries,
546,1945-07,0.82,timeseries,
547,1945-08,1.07,timeseries,
548,1945-09,0.23,timeseries,
549,1945-10,0.13,timeseries,
550,1945-11,0.13,timeseries,
551,1945-12,0.17,timeseries,
552,1946-01,0.13,timeseries,
553,1946-02,0.07,timeseries,
554,1946-03,0.1,timeseries,
555,1946-04,0.05,timeseries,
556,1946-05,0.08,timeseries,
557,1946-06,0.05,timeseries,
558,1946-07,0.05,timeseries,
559,1946-08,0.07,timeseries,
560,1946-09,0.22,timeseries,
561,1946-10,0.12,timeseries,
562,1946-11,0.05,timeseries,
563,1946-12,0.09,timeseries,
564,1947-01,0.01,timeseries,
565,1947-02,0.06,timeseries,
566,1947-03,0.11,timeseries,
567,1947-04,0.03,timeseries,
568,1947-05,0.07,timeseries,
569,1947-06,0.04,timeseries,
570,1947-07,0.04,timeseries,
571,1947-08,0.07,timeseries,
572,1947-09,0.1,timeseries,
573,1947-10,0.1,timeseries,
574,1947-11,0.04,timeseries,
575,1947-12,0.08,timeseries,
576,1948-01,0.05,timeseries,
577,1948-02,0.09,timeseries,
578,1948-03,0.09,timeseries,
579,1948-04,0.08,timeseries,
580,1948-05,0.12,timeseries,
581,1948-06,0.05,timeseries,
582,1948-07,0.03,timeseries,
583,1948-08,0.1,timeseries,
584,1948-09,0.15,timeseries,
585,1948-10,0.26,timeseries,
586,1948-11,0.05,timeseries,
587,1948-12,0.09,timeseries,
588,1949-01,0.09,timeseries,
589,1949-02,0.04,timeseries,
590,1949-03,0.05,timeseries,
591,1949-04,0.06,timeseries,
592,1949-05,0.06,timeseries,
593,1949-06,0.08,timeseries,
594,1949-07,0.11,timeseries,
595,1949-08,0.1,timeseries,
596,1949-09,0.16,timeseries,
597,1949-10,0.13,timeseries,
598,1949-11,0.05,timeseries,
599,1949-12,0.05,timeseries,
600,1950-01,0.06,timeseries,
601,1950-02,0.11,timeseries,
602,1950-03,0.08,timeseries,
603,1950-04,0.04,timeseries,
604,1950-05,0.06,timeseries,
605,1950-06,1.3,timeseries,
606,1950-07,6.71,timeseries,
607,1950-08,5.54,timeseries,
608,1950-09,4.23,timeseries,
609,1950-10,2.78,timeseries,
610,1950-11,3.37,timeseries,
611,1950-12,4.77,timeseries,
612,1951-01,3.96,timeseries,
613,1951-02,3.05,timeseries,
614,1951-03,2.45,timeseries,
615,1951-04,3.19,timeseries,
616,1951-05,3.98,timeseries,
617,1951-06,3.22,timeseries,
618,1951-07,2.79,timeseries,
619,1951-08,2.59,timeseries,
620,1951-09,2.01,timeseries,
621,1951-10,2.21,timeseries,
622,1951-11,2.49,timeseries,
623,1951-12,2.06,timeseries,
624,1952-01,2.31,timeseries,
625,1952-02,1.68,timeseries,
626,1952-03,1.64,timeseries,
627,1952-04,1.25,timeseries,
628,1952-05,1.91,timeseries,
629,1952-06,2.1,timeseries,
630,1952-07,1.69,timeseries,
631,1952-08,1.48,timeseries,
632,1952-09,1.51,timeseries,
633,1952-10,2.11,timeseries,
634,1952-11,1.89,timeseries,
635,1952-12,1.95,timeseries,
636,1953-01,1.64,timeseries,
637,1953-02,2.48,timeseries,
638,1953-03,1.82,timeseries,
639,1953-04,1.74,timeseries,
640,1953-05,1.81,timeseries,
641,1953-06,2.2,timeseries,
642,1953-07,2.13,timeseries,
643,1953-08,1.23,timeseries,
644,1953-09,0.97,timeseries,
645,1953-10,0.77,timeseries,
646,1953-11,0.53,timeseries,
647,1953-12,0.89,timeseries,
648,1954-01,0.76,timeseries,
649,1954-02,0.78,timeseries,
650,1954-03,0.56,timeseries,
651,1954-04,0.89,timeseries,
652,1954-05,0.6,timeseries,
653,1954-06,0.55,timeseries,
654,1954-07,0.77,timeseries,
655,1954-08,0.53,timeseries,
656,1954-09,0.43,timeseries,
657,1954-10,0.29,timeseries,
658,1954-11,0.43,timeseries,
659,1954-12,0.55,timeseries,
660,1955-01,0.64,timeseries,
661,1955-02,0.75,timeseries,
662,1955-03,0.56,timeseries,
663,1955-04,0.45,timeseries,
664,1955-05,0.32,timeseries,
665,1955-06,0.35,timeseries,
666,1955-07,0.33,timeseries,
667,1955-08,0.61,timeseries,
668,1955-09,0.2,timeseries,
669,1955-10,0.21,timeseries,
670,1955-11,0.19,timeseries,
671,1955-12,0.32,timeseries,
672,1956-01,0.42,timeseries,
673,1956-02,0.29,timeseries,
674,1956-03,0.2,timeseries,
675,1956-04,0.3,timeseries,
676,1956-05,0.35,timeseries,
677,1956-06,0.42,timeseries,
678,1956-07,0.18,timeseries,
679,1956-08,0.32,timeseries,
680,1956-09,0.21,timeseries,
681,1956-10,0.22,timeseries,
682,1956-11,0.4,timeseries,
683,1956-12,0.1,timeseries,
684,1957-01,0.36,timeseries,
685,1957-02,0.26,timeseries,
686,1957-03,0.13,timeseries,
687,1957-04,0.3,timeseries,
688,1957-05,0.25,timeseries,
689,1957-06,0.55,timeseries,
690,1957-07,0.15,timeseries,
691,1957-08,0.17,timeseries,
692,1957-09,0.14,timeseries,
693,1957-10,0.23,timeseries,
694,1957-11,0.26,timeseries,
695,1957-12,0.11,timeseries,
696,1958-01,0.18,timeseries,
697,1958-02,0.33,timeseries,
698,1958-03,0.17,timeseries,
699,1958-04,0.07,timeseries,
700,1958-05,0.12,timeseries,
701,1958-06,0.09,timeseries,
702,1958-07,0.25,timeseries,
703,1958-08,0.32,timeseries,
704,1958-09,0.44,timeseries,
705,1958-10,0.19,timeseries,
706,1958-11,0.11,timeseries,
707,1958-12,0.1,timeseries,
708,1959-01,0.09,timeseries,
709,1959-02,0.15,timeseries,
710,1959-03,0.15,timeseries,
711,1959-04,0.04,timeseries,
712,1959-05,0.11,timeseries,
713,1959-06,0.13,timeseries,
714,1959-07,0.08,timeseries,
715,1959-08,0.15,timeseries,
716,1959-09,0.18,timeseries,
717,1959-10,0.08,timeseries,
718,1959-11,0.13,timeseries,
719,1959-12,0.06,timeseries,
720,1960-01,0.1,timeseries,
721,1960-02,0.17,timeseries,
722,1960-03,0.11,timeseries,
723,1960-04,0.13,timeseries,
724,1960-05,0.24,timeseries,
725,1960-06,0.33,timeseries,
726,1960-07,0.14,timeseries,
727,1960-08,0.16,timeseries,
728,1960-09,0.24,timeseries,
729,1960-10,0.2,timeseries,
730,1960-11,0.11,timeseries,
731,1960-12,0.18,timeseries,
732,1961-01,0.17,timeseries,
733,1961-02,0.17,timeseries,
734,1961-03,0.17,timeseries,
735,1961-04,0.13,timeseries,
736,1961-05,0.26,timeseries,
737,1961-06,0.12,timeseries,
738,1961-07,0.35,timeseries,
739,1961-08,0.29,timeseries,
740,1961-09,0.25,timeseries,
741,1961-10,0.16,timeseries,
742,1961-11,0.13,timeseries,
743,1961-12,0.18,timeseries,
744,1962-01,0.11,timeseries,
745,1962-02,0.17,timeseries,
746,1962-03,0.09,timeseries,
747,1962-04,0.07,timeseries,
748,1962-05,0.16,timeseries,
749,1962-06,0.12,timeseries,
750,1962-07,0.11,timeseries,
751,1962-08,0.06,timeseries,
752,1962-09,0.24,timeseries,
753,1962-10,0.35,timeseries,
754,1962-11,0.21,timeseries,
755,1962-12,0.23,timeseries,
756,1963-01,0.1,timeseries,
757,1963-02,0.11,timeseries,
758,1963-03,0.21,timeseries,
759,1963-04,0.08,timeseries,
760,1963-05,0.13,timeseries,
761,1963-06,0.07,timeseries,
762,1963-07,0.12,timeseries,
763,1963-08,0.29,timeseries,
764,1963-09,0.13,timeseries,
765,1963-10,0.07,timeseries,
766,1963-11,0.11,timeseries,
767,1963-12,0.13,timeseries,
768,1964-01,0.19,timeseries,
769,1964-02,0.1,timeseries,
770,1964-03,0.13,timeseries,
771,1964-04,0.12,timeseries,
772,1964-05,0.05,timeseries,
773,1964-06,0.17,timeseries,
774,1964-07,0.17,timeseries,
775,1964-08,0.3,timeseries,
776,1964-09,0.12,timeseries,
777,1964-10,0.08,timeseries,
778,1964-11,0.1,timeseries,
779,1964-12,0.1,timeseries,
780,1965-01,0.1,timeseries,
781,1965-02,0.36,timeseries,
782,1965-03,0.17,timeseries,
783,1965-04,0.23,timeseries,
784,1965-05,0.1,timeseries,
785,1965-06,0.27,timeseries,
786,1965-07,0.38,timeseries,
787,1965-08,0.24,timeseries,
788,1965-09,0.2,timeseries,
789,1965-10,0.16,timeseries,
790,1965-11,0.14,timeseries,
791,1965-12,0.26,timeseries,
792,1966-01,0.52,timeseries,
793,1966-02,0.68,timeseries,
794,1966-03,0.35,timeseries,
795,1966-04,0.18,timeseries,
796,1966-05,0.23,timeseries,
797,1966-06,0.17,timeseries,
798,1966-07,0.43,timeseries,
799,1966-08,0.28,timeseries,
800,1966-09,0.22,timeseries,
801,1966-10,0.46,timeseries,
802,1966-11,0.3,timeseries,
803,1966-12,0.21,timeseries,
804,1967-01,0.23,timeseries,
805,1967-02,0.31,timeseries,
806,1967-03,0.26,timeseries,
807,1967-04,0.3,timeseries,
808,1967-05,0.26,timeseries,
809,1967-06,0.19,timeseries,
810,1967-07,0.22,timeseries,
811,1967-08,0.24,timeseries,
812,1967-09,0.17,timeseries,
813,1967-10,0.25,timeseries,
814,1967-11,0.16,timeseries,
815,1967-12,0.26,timeseries,
816,1968-01,0.96,timeseries,
817,1968-02,0.77,timeseries,
818,1968-03,0.28,timeseries,
819,1968-04,0.35,timeseries,
820,1968-05,0.17,timeseries,
821,1968-06,0.13,timeseries,
822,1968-07,0.13,timeseries,
823,1968-08,0.17,timeseries,
824,1968-09,0.14,timeseries,
825,1968-10,0.19,timeseries,
826,1968-11,0.16,timeseries,
827,1968-12,0.22,timeseries,
828,1969-01,0.14,timeseries,
829,1969-02,0.17,timeseries,
830,1969-03,0.25,timeseries,
831,1969-04,0.38,timeseries,
832,1969-05,0.18,timeseries,
833,1969-06,0.21,timeseries,
834,1969-07,0.17,timeseries,
835,1969-08,0.18,timeseries,
836,1969-09,0.19,timeseries,
837,1969-10,0.13,timeseries,
838,1969-11,0.19,timeseries,
839,1969-12,0.19,timeseries,
840,1970-01,0.1,timeseries,
841,1970-02,0.18,timeseries,
842,1970-03,0.12,timeseries,
843,1970-04,0.21,timeseries,
844,1970-05,0.22,timeseries,
845,1970-06,0.11,timeseries,
846,1970-07,0.18,timeseries,
847,1970-08,0.17,timeseries,
848,1970-09,0.24,timeseries,
849,1970-10,0.09,timeseries,
850,1970-11,0.14,timeseries,
851,1970-12,0.1,timeseries,
852,1971-01,0.09,timeseries,
853,1971-02,0.15,timeseries,
854,1971-03,0.08,timeseries,
855,1971-04,0.29,timeseries,
856,1971-05,0.12,timeseries,
857,1971-06,0.25,timeseries,
858,1971-07,0.37,timeseries,
859,1971-08,0.23,timeseries,
860,1971-09,0.12,timeseries,
861,1971-10,0.12,timeseries,
862,1971-11,0.13,timeseries,
863,1971-12,0.16,timeseries,
864,1972-01,0.12,timeseries,
865,1972-02,0.14,timeseries,
866,1972-03,0.11,timeseries,
867,1972-04,0.25,timeseries,
868,1972-05,0.14,timeseries,
869,1972-06,0.16,timeseries,
870,1972-07,0.18,timeseries,
871,1972-08,0.1,timeseries,
872,1972-09,0.22,timeseries,
873,1972-10,0.07,timeseries,
874,1972-11,0.14,timeseries,
875,1972-12,0.07,timeseries,
876,1973-01,0.12,timeseries,
877,1973-02,0.06,timeseries,
878,1973-03,0.09,timeseries,
879,1973-04,0.08,timeseries,
880,1973-05,0.03,timeseries,
881,1973-06,0.02,timeseries,
882,1973-07,0.17,timeseries,
883,1973-08,0.08,timeseries,
884,1973-09,0.06,timeseries,
885,1973-10,0.21,timeseries,
886,1973-11,0.12,timeseries,
887,1973-12,0.08,timeseries,
888,1974-01,0.07,timeseries,
889,1974-02,0.05,timeseries,
890,1974-03,0.09,timeseries,
891,1974-04,0.03,timeseries,
892,1974-05,0.07,timeseries,
893,1974-06,0.05,timeseries,
894,1974-07,0.06,timeseries,
895,1974-08,0.13,timeseries,
896,1974-09,0.07,timeseries,
897,1974-10,0.08,timeseries,
898,1974-11,0.23,timeseries,
899,1974-12,0.05,timeseries,
900,1975-01,0.07,timeseries,
901,1975-02,0.12,timeseries,
902,1975-03,0.07,timeseries,
903,1975-04,0.2,timeseries,
904,1975-05,0.4,timeseries,
905,1975-06,0.38,timeseries,
906,1975-07,0.16,timeseries,
907,1975-08,0.2,timeseries,
908,1975-09,0.11,timeseries,
909,1975-10,0.13,timeseries,
910,1975-11,0.12,timeseries,
911,1975-12,0.09,timeseries,
912,1976-01,0.14,timeseries,
913,1976-02,0.12,timeseries,
914,1976-03,0.06,timeseries,
915,1976-04,0.05,timeseries,
916,1976-05,0.11,timeseries,
917,1976-06,0.07,timeseries,
918,1976-07,0.07,timeseries,
919,1976-08,0.47,timeseries,
920,1976-09,0.16,timeseries,
921,1976-10,0.29,timeseries,
922,1976-11,0.14,timeseries,
923,1976-12,0.14,timeseries,
924,1977-01,0.07,timeseries,
925,1977-02,0.12,timeseries,
926,1977-03,0.18,timeseries,
927,1977-04,0.11,timeseries,
928,1977-05,0.21,timeseries,
929,1977-06,0.18,timeseries,
930,1977-07,0.21,timeseries,
931,1977-08,0.19,timeseries,
932,1977-09,0.13,timeseries,
933,1977-10,0.12,timeseries,
934,1977-11,0.04,timeseries,
935,1977-12,0.05,timeseries,
936,1978-01,0.13,timeseries,
937,1978-02,0.11,timeseries,
938,1978-03,0.12,timeseries,
939,1978-04,0.11,timeseries,
940,1978-05,0.16,timeseries,
941,1978-06,0.12,timeseries,
942,1978-07,0.13,timeseries,
943,1978-08,0.13,timeseries,
944,1978-09,0.05,timeseries,
945,1978-10,0.09,timeseries,
946,1978-11,0.14,timeseries,
947,1978-12,0.12,timeseries,
948,1979-01,0.18,timeseries,
949,1979-02,0.12,timeseries,
950,1979-03,0.06,timeseries,
951,1979-04,0.1,timeseries,
952,1979-05,0.1,timeseries,
953,1979-06,0.17,timeseries,
954,1979-07,0.12,timeseries,
955,1979-08,0.1,timeseries,
956,1979-09,0.08,timeseries,
957,1979-10,0.16,timeseries,
958,1979-11,0.13,timeseries,
959,1979-12,0.18,timeseries,
960,1980-01,0.33,timeseries,
961,1980-02,0.27,timeseries,
962,1980-03,0.09,timeseries,
963,1980-04,0.08,timeseries,
964,1980-05,0.21,timeseries,
965,1980-06,0.16,timeseries,
966,1980-07,0.12,timeseries,
967,1980-08,0.08,timeseries,
968,1980-09,0.12,timeseries,
969,1980-10,0.27,timeseries,
970,1980-11,0.09,timeseries,
971,1980-12,0.07,timeseries,
972,1981-01,0.1,timeseries,
973,1981-02,0.07,timeseries,
974,1981-03,0.09,timeseries,
975,1981-04,0.1,timeseries,
976,1981-05,0.1,timeseries,
977,1981-06,0.11,timeseries,
978,1981-07,0.12,timeseries,
979,1981-08,0.14,timeseries,
980,1981-09,0.03,timeseries,
981,1981-10,0.08,timeseries,
982,1981-11,0.05,timeseries,
983,1981-12,0.11,timeseries,
984,1982-01,0.08,timeseries,
985,1982-02,0.12,timeseries,
986,1982-03,0.08,timeseries,
987,1982-04,0.17,timeseries,
988,1982-05,0.1,timeseries,
989,1982-06,0.09,timeseries,
990,1982-07,0.09,timeseries,
991,1982-08,0.05,timeseries,
992,1982-09,0.09,timeseries,
993,1982-10,0.05,timeseries,
994,1982-11,0.06,timeseries,
995,1982-12,0.09,timeseries,
996,1983-01,0.11,timeseries,
997,1983-02,0.12,timeseries,
998,1983-03,0.07,timeseries,
999,1983-04,0.12,timeseries,
1000,1983-05,0.11,timeseries,
1001,1983-06,0.07,timeseries,
1002,1983-07,0.06,timeseries,
1003,1983-08,0.12,timeseries,
1004,1983-09,1.39,timeseries,
1005,1983-10,0.49,timeseries,
1006,1983-11,0.47,timeseries,
1007,1983-12,0.14,timeseries,
1008,1984-01,0.25,timeseries,
1009,1984-02,0.22,timeseries,
1010,1984-03,0.14,timeseries,
1011,1984-04,0.17,timeseries,
1012,1984-05,0.14,timeseries,
1013,1984-06,0.15,timeseries,
1014,1984-07,0.14,timeseries,
1015,1984-08,0.08,timeseries,
1016,1984-09,0.15,timeseries,
1017,1984-10,0.18,timeseries,
1018,1984-11,0.09,timeseries,
1019,1984-12,0.08,timeseries,
1020,1985-01,0.11,timeseries,
1021,1985-02,0.17,timeseries,
1022,1985-03,0.05,timeseries,
1023,1985-04,0.06,timeseries,
1024,1985-05,0.09,timeseries,
1025,1985-06,0.09,timeseries,
1026,1985-07,0.2,timeseries,
1027,1985-08,0.04,timeseries,
1028,1985-09,0.1,timeseries,
1029,1985-10,0.07,timeseries,
1030,1985-11,0.09,timeseries,
1031,1985-12,0.06,timeseries,
1032,1986-01,0.09,timeseries,
1033,1986-02,0.1,timeseries,
1034,1986-03,0.07,timeseries,
1035,1986-04,0.17,timeseries,
1036,1986-05,0.1,timeseries,
1037,1986-06,0.07,timeseries,
1038,1986-07,0.08,timeseries,
1039,1986-08,0.09,timeseries,
1040,1986-09,0.07,timeseries,
1041,1986-10,0.09,timeseries,
1042,1986-11,0.19,timeseries,
1043,1986-12,0.09,timeseries,
1044,1987-01,0.06,timeseries,
1045,1987-02,0.06,timeseries,
1046,1987-03,0.03,timeseries,
1047,1987-04,0.15,timeseries,
1048,1987-05,0.07,timeseries,
1049,1987-06,0.22,timeseries,
1050,1987-07,0.13,timeseries,
1051,1987-08,0.12,timeseries,
1052,1987-09,0.1,timeseries,
1053,1987-10,0.11,timeseries,
1054,1987-11,0.16,timeseries,
1055,1987-12,0.12,timeseries,
1056,1988-01,0.15,timeseries,
1057,1988-02,0.06,timeseries,
1058,1988-03,0.05,timeseries,
1059,1988-04,0.04,timeseries,
1060,1988-05,0.13,timeseries,
1061,1988-06,0.1,timeseries,
1062,1988-07,0.08,timeseries,
1063,1988-08,0.05,timeseries,
1064,1988-09,0.09,timeseries,
1065,1988-10,0.06,timeseries,
1066,1988-11,0.06,timeseries,
1067,1988-12,0.08,timeseries,
1068,1989-01,0.1,timeseries,
1069,1989-02,0.04,timeseries,
1070,1989-03,0.05,timeseries,
1071,1989-04,0.07,timeseries,
1072,1989-05,0.11,timeseries,
1073,1989-06,0.09,timeseries,
1074,1989-07,0.1,timeseries,
1075,1989-08,0.08,timeseries,
1076,1989-09,0.05,timeseries,
1077,1989-10,0.09,timeseries,
1078,1989-11,0.04,timeseries,
1079,1989-12,0.09,timeseries,
1080,1990-01,0.03,timeseries,
1081,1990-02,0.1,timeseries,
1082,1990-03,0.04,timeseries,
1083,1990-04,0.05,timeseries,
1084,1990-05,0.07,timeseries,
1085,1990-06,0.08,timeseries,
1086,1990-07,0.05,timeseries,
1087,1990-08,0.24,timeseries,
1088,1990-09,0.28,timeseries,
1089,1990-10,0.22,timeseries,
1090,1990-11,0.1,timeseries,
1091,1990-12,0.14,timeseries,
1092,1991-01,0.22,timeseries,
1093,1991-02,0.23,timeseries,
1094,1991-03,0.06,timeseries,
1095,1991-04,0.12,timeseries,
1096,1991-05,0.07,timeseries,
1097,1991-06,0.1,timeseries,
1098,1991-07,0.07,timeseries,
1099,1991-08,0.09,timeseries,
1100,1991-09,0.13,timeseries,
1101,1991-10,0.18,timeseries,
1102,1991-11,0.34,timeseries,
1103,1991-12,0.23,timeseries,
1104,1992-01,0.31,timeseries,
1105,1992-02,0.19,timeseries,
1106,1992-03,0.24,timeseries,
1107,1992-04,0.12,timeseries,
1108,1992-05,0.12,timeseries,
1109,1992-06,0.13,timeseries,
1110,1992-07,0.04,timeseries,
1111,1992-08,0.09,timeseries,
1112,1992-09,0.13,timeseries,
1113,1992-10,0.08,timeseries,
1114,1992-11,0.17,timeseries,
1115,1992-12,0.09,timeseries,
1116,1993-01,0.08,timeseries,
1117,1993-02,0.22,timeseries,
1118,1993-03,0.39,timeseries,
1119,1993-04,0.24,timeseries,
1120,1993-05,0.25,timeseries,
1121,1993-06,0.23,timeseries,
1122,1993-07,0.5,timeseries,
1123,1993-08,0.08,timeseries,
1124,1993-09,0.15,timeseries,
1125,1993-10,0.19,timeseries,
1126,1993-11,0.42,timeseries,
1127,1993-12,0.45,timeseries,
1128,1994-01,0.34,timeseries,
1129,1994-02,0.52,timeseries,
1130,1994-03,0.6,timeseries,
1131,1994-04,0.53,timeseries,
1132,1994-05,0.62,timeseries,
1133,1994-06,1.35,timeseries,
1134,1994-07,0.39,timeseries,
1135,1994-08,0.38,timeseries,
1136,1994-09,0.26,timeseries,
1137,1994-10,0.43,timeseries,
1138,1994-11,0.25,timeseries,
1139,1994-12,0.43,timeseries,
1140,1995-01,0.23,timeseries,
1141,1995-02,0.23,timeseries,
1142,1995-03,0.13,timeseries,
1143,1995-04,0.31,timeseries,
1144,1995-05,0.16,timeseries,
1145,1995-06,0.27,timeseries,
1146,1995-07,0.11,timeseries,
1147,1995-08,0.09,timeseries,
1148,1995-09,0.06,timeseries,
1149,1995-10,0.1,timeseries,
1150,1995-11,0.04,timeseries,
1151,1995-12,0.13,timeseries,
1152,1996-01,0.09,timeseries,
1153,1996-02,0.17,timeseries,
1154,1996-03,0.08,timeseries,
1155,1996-04,0.19,timeseries,
1156,1996-05,0.13,timeseries,
1157,1996-06,0.07,timeseries,
1158,1996-07,0.1,timeseries,
1159,1996-08,0.05,timeseries,
1160,1996-09,0.08,timeseries,
1161,1996-10,0.08,timeseries,
1162,1996-11,0.12,timeseries,
1163,1996-12,0.17,timeseries,
1164,1997-01,0.13,timeseries,
1165,1997-02,0.17,timeseries,
1166,1997-03,0.05,timeseries,
1167,1997-04,0.16,timeseries,
1168,1997-05,0.14,timeseries,
1169,1997-06,0.03,timeseries,
1170,1997-07,0.05,timeseries,
1171,1997-08,0.11,timeseries,
1172,1997-09,0.09,timeseries,
1173,1997-10,0.06,timeseries,
1174,1997-11,0.04,timeseries,
1175,1997-12,0.15,timeseries,
1176,1998-01,0.11,timeseries,
1177,1998-02,0.1,timeseries,
1178,1998-03,0.12,timeseries,
1179,1998-04,0.06,timeseries,
1180,1998-05,0.17,timeseries,
1181,1998-06,0.13,timeseries,
1182,1998-07,0.2,timeseries,
1183,1998-08,0.19,timeseries,
1184,1998-09,0.28,timeseries,
1185,1998-10,0.08,timeseries,
1186,1998-11,0.2,timeseries,
1187,1998-12,0.14,timeseries,
1188,1999-01,0.19,timeseries,
1189,1999-02,0.11,timeseries,
1190,1999-03,0.25,timeseries,
1191,1999-04,0.27,timeseries,
1192,1999-05,0.23,timeseries,
1193,1999-06,0.2,timeseries,
1194,1999-07,0.11,timeseries,
1195,1999-08,0.14,timeseries,
1196,1999-09,0.24,timeseries,
1197,1999-10,0.26,timeseries,
1198,1999-11,0.15,timeseries,
1199,1999-12,0.15,timeseries,
1200,2000-01,0.08,timeseries,
1201,2000-02,0.12,timeseries,
1202,2000-03,0.12,timeseries,
1203,2000-04,0.23,timeseries,
1204,2000-05,0.2,timeseries,
1205,2000-06,0.5,timeseries,
1206,2000-07,0.27,timeseries,
1207,2000-08,0.11,timeseries,
1208,2000-09,0.19,timeseries,
1209,2000-10,0.14,timeseries,
1210,2000-11,0.09,timeseries,
1211,2000-12,0.12,timeseries,
1212,2001-01,0.1,timeseries,
1213,2001-02,0.1,timeseries,
1214,2001-03,0.25,timeseries,
1215,2001-04,0.14,timeseries,
1216,2001-05,0.24,timeseries,
1217,2001-06,0.18,timeseries,
1218,2001-07,0.13,timeseries,
1219,2001-08,0.12,timeseries,
1220,2001-09,0.42,timeseries,
1221,2001-10,0.22,timeseries,
1222,2001-11,0.18,timeseries,
1223,2001-12,0.23,timeseries,
1224,2002-01,0.17,timeseries,
1225,2002-02,0.4,timeseries,
1226,2002-03,0.28,timeseries,
1227,2002-04,0.19,timeseries,
1228,2002-05,0.21,timeseries,
1229,2002-06,0.16,timeseries,
1230,2002-07,0.19,timeseries,
1231,2002-08,0.19,timeseries,
1232,2002-09,0.23,timeseries,
1233,2002-10,0.55,timeseries,
1234,2002-11,0.42,timeseries,
1235,2002-12,0.65,timeseries,
1236,2003-01,1.09,timeseries,
1237,2003-02,0.84,timeseries,
1238,2003-03,0.77,timeseries,
1239,2003-04,0.79,timeseries,
1240,2003-05,0.45,timeseries,
1241,2003-06,0.47,timeseries,
1242,2003-07,0.46,timeseries,
1243,2003-08,0.48,timeseries,
1244,2003-09,0.31,timeseries,
1245,2003-10,0.42,timeseries,
1246,2003-11,0.28,timeseries,
1247,2003-12,0.52,timeseries,
1248,2004-01,0.41,timeseries,
1249,2004-02,0.52,timeseries,
1250,2004-03,0.3,timeseries,
1251,2004-04,0.4,timeseries,
1252,2004-05,0.27,timeseries,
1253,2004-06,0.55,timeseries,
1254,2004-07,0.41,timeseries,
1255,2004-08,0.2,timeseries,
1256,2004-09,0.47,timeseries,
1257,2004-10,0.31,timeseries,
1258,2004-11,0.27,timeseries,
1259,2004-12,0.2,timeseries,
1260,2005-01,0.24,timeseries,
1261,2005-02,0.49,timeseries,
1262,2005-03,0.29,timeseries,
1263,2005-04,0.23,timeseries,
1264,2005-05,0.41,timeseries,
1265,2005-06,0.28,timeseries,
1266,2005-07,0.42,timeseries,
1267,2005-08,0.27,timeseries,
1268,2005-09,0.3,timeseries,
1269,2005-10,0.15,timeseries,
1270,2005-11,0.2,timeseries,
1271,2005-12,0.12,timeseries,
1272,2006-01,0.26,timeseries,
1273,2006-02,0.19,timeseries,
1274,2006-03,0.25,timeseries,
1275,2006-04,0.2,timeseries,
1276,2006-05,0.2,timeseries,
1277,2006-06,0.3,timeseries,
1278,2006-07,0.61,timeseries,
1279,2006-08,0.21,timeseries,
1280,2006-09,0.23,timeseries,
1281,2006-10,1.22,timeseries,
1282,2006-11,0.39,timeseries,
1283,2006-12,0.36,timeseries,
1284,2007-01,0.29,timeseries,
1285,2007-02,0.39,timeseries,
1286,2007-03,0.32,timeseries,
1287,2007-04,0.3,timeseries,
1288,2007-05,0.14,timeseries,
1289,2007-06,0.29,timeseries,
1290,2007-07,0.36,timeseries,
1291,2007-08,0.25,timeseries,
1292,2007-09,0.4,timeseries,
1293,2007-10,0.37,timeseries,
1294,2007-11,0.19,timeseries,
1295,2007-12,0.21,timeseries,
1296,2008-01,0.2,timeseries,
1297,2008-02,0.13,timeseries,
1298,2008-03,0.12,timeseries,
1299,2008-04,0.27,timeseries,
1300,2008-05,0.23,timeseries,
1301,2008-06,0.26,timeseries,
1302,2008-07,0.24,timeseries,
1303,2008-08,0.14,timeseries,
1304,2008-09,0.37,timeseries,
1305,2008-10,0.3,timeseries,
1306,2008-11,0.17,timeseries,
1307,2008-12,0.12,timeseries,
1308,2009-01,0.1,timeseries,
1309,2009-02,0.33,timeseries,
1310,2009-03,0.18,timeseries,
1311,2009-04,0.47,timeseries,
1312,2009-05,0.53,timeseries,
1313,2009-06,0.55,timeseries,
1314,2009-07,0.47,timeseries,
1315,2009-08,0.39,timeseries,
1316,2009-09,0.34,timeseries,
1317,2009-10,0.3,timeseries,
1318,2009-11,0.27,timeseries,
1319,2009-12,0.28,timeseries,
1320,2010-01,0.23,timeseries,
1321,2010-02,0.23,timeseries,
1322,2010-03,0.21,timeseries,
1323,2010-04,0.51,timeseries,
1324,2010-05,0.49,timeseries,
1325,2010-06,0.3,timeseries,
1326,2010-07,0.22,timeseries,
1327,2010-08,0.24,timeseries,
1328,2010-09,0.2,timeseries,
1329,2010-10,0.22,timeseries,
1330,2010-11,0.64,timeseries,
1331,2010-12,0.57,timeseries,
1332,2011-01,0.23,timeseries,
1333,2011-02,0.11,timeseries,
1334,2011-03,0.11,timeseries,
1335,2011-04,0.18,timeseries,
1336,2011-05,0.11,timeseries,
1337,2011-06,0.14,timeseries,
1338,2011-07,0.2,timeseries,
1339,2011-08,0.17,timeseries,
1340,2011-09,0.08,timeseries,
1341,2011-10,0.15,timeseries,
1342,2011-11,0.17,timeseries,
1343,2011-12,0.46,timeseries,
1344,2012-01,0.38,timeseries,
1345,2012-02,0.26,timeseries,
1346,2012-03,0.28,timeseries,
1347,2012-04,0.41,timeseries,
1348,2012-05,0.31,timeseries,
1349,2012-06,0.1,timeseries,
1350,2012-07,0.18,timeseries,
1351,2012-08,0.13,timeseries,
1352,2012-09,0.16,timeseries,
1353,2012-10,0.1,timeseries,
1354,2012-11,0.12,timeseries,
1355,2012-12,0.2,timeseries,
1356,2013-01,0.28,timeseries,
1357,2013-02,0.45,timeseries,
1358,2013-03,0.48,timeseries,
1359,2013-04,0.76,timeseries,
1360,2013-05,0.3,timeseries,
1361,2013-06,0.3,timeseries,
1362,2013-07,0.23,timeseries,
1363,2013-08,0.2,timeseries,
1364,2013-09,0.23,timeseries,
1365,2013-10,0.22,timeseries,
1366,2013-11,0.16,timeseries,
1367,2013-12,0.24,timeseries,
1368,2014-01,0.19,timeseries,
1369,2014-02,0.2,timeseries,
1370,2014-03,0.25,timeseries,
1371,2014-04,0.24,timeseries,
1372,2014-05,0.14,timeseries,
1373,2014-06,0.16,timeseries,
1374,2014-07,0.12,timeseries,
1375,2014-08,0.08,timeseries,
1376,2014-09,0.06,timeseries,
1377,2014-10,0.11,timeseries,
1378,2014-11,0.16,timeseries,
1379,2014-12,0.15,timeseries,
1380,2015-01,0.19,timeseries,
1381,2015-02,0.14,timeseries,
1382,2015-03,0.15,timeseries,
1383,2015-04,0.19,timeseries,
1384,2015-05,0.17,timeseries,
1385,2015-06,0.19,timeseries,
1386,2015-07,0.09,timeseries,
1387,2015-08,0.19,timeseries,
1388,2015-09,0.13,timeseries,
1389,2015-10,0.1,timeseries,
1390,2015-11,0.12,timeseries,
1391,2015-12,0.16,timeseries,
1392,2016-01,0.43,timeseries,
1393,2016-02,0.42,timeseries,
1394,2016-03,0.52,timeseries,
1395,2016-04,0.42,timeseries,
1396,2016-05,0.36,timeseries,
1397,2016-06,0.23,timeseries,
1398,2016-07,0.29,timeseries,
1399,2016-08,0.25,timeseries,
1400,2016-09,0.62,timeseries,
1401,2016-10,0.14,timeseries,
1402,2016-11,0.29,timeseries,
1403,2016-12,0.46,timeseries,
1404,2017-01,0.42,timeseries,
1405,2017-02,0.7,timeseries,
1406,2017-03,0.68,timeseries,
1407,2017-04,0.86,timeseries,
1408,2017-05,0.69,timeseries,
1409,2017-06,0.48,timeseries,
1410,2017-07,1.18,timeseries,
1411,2017-08,1.62,timeseries,
1412,2017-09,1.56,timeseries,
1413,2017-10,0.79,timeseries,
1414,2017-11,0.61,timeseries,
1415,2017-12,0.7,timeseries,
1416,2018-01,0.57,timeseries,
1417,2018-02,0.34,timeseries,
1418,2018-03,0.93,timeseries,
1419,2018-04,0.72,timeseries,
1420,2018-05,1.23,timeseries,
1421,2018-06,1.22,timeseries,
1422,2018-07,0.7,timeseries,
1423,2018-08,0.75,timeseries,
1424,2018-09,0.53,timeseries,
1425,2018-10,0.3,timeseries,
1426,2018-11,0.44,timeseries,
1427,2018-12,0.37,timeseries,
1428,2019-01,0.49,timeseries,
1429,2019-02,0.65,timeseries,
1430,2019-03,0.46,timeseries,
1431,2019-04,0.46,timeseries,
1432,2019-05,0.7,timeseries,
1433,2019-06,0.68,timeseries,
1434,2019-07,0.54,timeseries,
1435,2019-08,0.68,timeseries,
1436,2019-09,0.38,timeseries,
1437,2019-10,0.32,timeseries,
1438,2019-11,0.25,timeseries,
1439,2019-12,0.35,timeseries,
1440,2020-01,0.53,timeseries,
1441,2020-02,0.3,timeseries,
1442,2020-03,0.39,timeseries,
1443,2020-04,0.18,timeseries,
1444,2020-05,0.27,timeseries,
1445,2020-06,0.26,timeseries,
1446,2020-07,0.3,timeseries,
1447,2020-08,0.19,timeseries,
1448,2020-09,0.21,timeseries,
1449,2020-10,0.11,timeseries,
1450,2020-11,0.16,timeseries,
1451,2020-12,0.23,timeseries,
1452,2021-01,0.27,timeseries,
1453,2021-02,0.21,timeseries,
1454,2021-03,0.22,timeseries,
1455,2021-04,0.2,timeseries,
1456,2021-05,0.21,timeseries,
1457,2021-06,0.22,timeseries,
1458,2021-07,0.15,timeseries,
1459,2021-08,0.19,timeseries,
1460,2021-09,0.33,timeseries,
1461,2021-10,0.27,timeseries,
1462,2021-11,0.11,timeseries,
1463,2021-12,0.14,timeseries,
1464,2022-01,0.37,timeseries,
1465,2022-02,0.43,timeseries,
1466,2022-03,0.53,timeseries,
1467,2022-04,0.37,timeseries,
1468,2022-05,0.61,timeseries,
1469,2022-06,0.57,timeseries,
1470,2022-07,0.25,timeseries,
1471,2022-08,0.33,timeseries,
1472,2022-09,0.61,timeseries,
1473,2022-10,0.55,timeseries,
1474,2022-11,0.49,timeseries,
1475,2022-12,0.22,timeseries,
1476,2023-01,0.32,timeseries,
1477,2023-02,0.5,timeseries,
1478,2023-03,0.52,timeseries,
1479,2023-04,0.49,timeseries,
1480,2023-05,0.34,timeseries,
1481,2023-06,0.45,timeseries,
1482,2023-07,0.6,timeseries,
1483,2023-08,0.33,timeseries,
1484,2023-09,0.41,timeseries,
1485,2023-10,0.32,timeseries,
1486,2023-11,0.35,timeseries,
1487,2023-12,0.27,timeseries,
1488,2024-01,0.4,timeseries,
1489,2024-02,0.16,timeseries,
1490,2024-03,0.25,timeseries,
1491,2024-04,0.32,timeseries,
1492,2024-05,0.18,timeseries,
1493,2024-06,0.33,timeseries,
1494,2024-07,0.22,timeseries,
1495,2024-08,0.25,timeseries,
1496,2024-09,0.38,timeseries,
1497,2024-10,0.42,timeseries,
1498,2024-11,0.89,timeseries,
1499,2024-12,0.45,timeseries,
1500,2025-01,0.4,timeseries,
1501,2025-02,0.26,timeseries,
1502,2025-03,0.51,timeseries,
1503,2025-04,0.27,timeseries,
1504,2025-05,0.37,timeseries,
